artifact	member	bytes	sha256
eval-report-37092291865	ci-execution.txt	154	48e2079dd1d5beb6ae03d0dab121d169d781176e5b59b22c4583951d77842bc8
eval-report-37092291865	eval_20261003T032007Z.json	20583013	deec64e96cb878051e965d868426cbe02ef53e9d26a75567a2ba182042b63ca0
eval-report-37092291865	eval_20261003T032007Z.md	1278	5d8648e9adfd1bb793b2a30ec0e36d61e72cba9e9910614a6d89eb0174de41f2
copilot-fidelity-37092951315	0000320193-25-000079/excerpt.txt	126028	dfa1fbf6509bbb5f77f65aa61446b4d1df5d68007d625651a3ba8e8cb8d9864c
copilot-fidelity-37092951315	0000320193-25-000079/filing.html	1520331	6fdaba10369fdd8cf9e2b1439937d058ea421f096c3652dc77afb9afb3458396
copilot-fidelity-37092951315	0000320193-25-000079/sections.json	156405	dbe532bc99dd333c1e305302e35448eabec2f1ea8827db211e9a672479f0e283
copilot-fidelity-37092951315	0000320193-25-000079/xbrl.json	11286	986b546c9f34c581bc1f96ea54d6267cc1755191576dd869da70615678548133
copilot-fidelity-37092951315	0000950170-25-090161/excerpt.txt	317834	be44997693273e8c0853ac9f787471f05cc23300d349b8677ee8841eb0912af3
copilot-fidelity-37092951315	0000950170-25-090161/filing.html	7720468	67c991f2f3254f396c7438474c7d1fc56987467f3f7ba2de00a468bc521c40f8
copilot-fidelity-37092951315	0000950170-25-090161/sections.json	85506	5ce949c0c971f3567b4d68496a6ec87d6f4dbc48bb45a2ab4d6751f2f0d84bea
copilot-fidelity-37092951315	0000950170-25-090161/xbrl.json	7857	4f40c2944c11bc766569f2970d4dc8ab499c8f8ebbdd97d0bbe05caeddf960b0
copilot-fidelity-37092951315	0000950170-25-100235/excerpt.txt	165156	1a68ae4883502ec5d346dffe230cdb3d20ad144aac0191c01219c72391fed666
copilot-fidelity-37092951315	0000950170-25-100235/filing.html	8158190	89ad7e9d9a76aee545ea49e8128db1bff56de2e8f7a23cdf118427a52a0854cd
copilot-fidelity-37092951315	0000950170-25-100235/sections.json	256112	54d37ff58b668f677b8dd8e31bd68efe7e4597a247a1e3d26763f0d6f5d788c1
copilot-fidelity-37092951315	0000950170-25-100235/xbrl.json	10981	71c6815f60fab058b9dcd1ac49b0a2c83e2e6e3f38c136808ad56c9a9b59bc02
copilot-fidelity-37092951315	0001193125-26-231755/excerpt.txt	235128	5387d3a77820f83597bfcaab2d625cb2be687f7cefe5165e3eca915614124d7d
copilot-fidelity-37092951315	0001193125-26-231755/filing.html	11745286	2fea1c61cdc63e014046d7827f6d8103d4da6790aec16d8a22ecca9716ced74a
copilot-fidelity-37092951315	0001193125-26-231755/sections.json	564670	ca524b9bd6dc15bb8b26221f7004ca3bced62dfbd569d3868ae06c09c4617dac
copilot-fidelity-37092951315	0001193125-26-231755/xbrl.json	7863	144a0e30a74475e810882531870264891ab020e5131bd6866cb44d33d268543d
copilot-fidelity-37092951315	0001628280-25-003063/excerpt.txt	165047	c672b174e4fc6440d475b329b40ab89fb3792f75d5797071a4af253b3593a79e
copilot-fidelity-37092951315	0001628280-25-003063/filing.html	2596582	6539ed632e332bb7be2fba80b3007d94e43223ad22db12ff2db8ab2bbfd45e47
copilot-fidelity-37092951315	0001628280-25-003063/sections.json	290266	ad63c0f417bb0d7c8001750c35c29e23b250b464e8a54e0b0e61cc081749822b
copilot-fidelity-37092951315	0001628280-25-003063/xbrl.json	8983	7b4d416be66f0f429f90270bb9903ece2dc5e1feb8bc178aacd0c822c71cc1af
copilot-fidelity-37092951315	0001628280-26-011378/excerpt.txt	262563	3d5c91eb152d94789624c607b0dd0adff8a92ef022ffc9f63bf6648522365a80
copilot-fidelity-37092951315	0001628280-26-011378/filing.html	24864738	19a465854224a550fa5ec56b6847c2ba62a7584b01f0970b2c3d1bcda01e2a63
copilot-fidelity-37092951315	0001628280-26-011378/sections.json	4	74234e98afe7498fb5daf1f36ac2d78acc339464f950703b8c019892f982b90b
copilot-fidelity-37092951315	0001628280-26-011378/xbrl.json	10389	0c9b9ae2f21dc2ecf4b35cde7fa5a492112de0df478a3ad2c0ff6ec9aa374364
copilot-fidelity-37092951315	copilot-eval.json	10045441	28c322ee08a99e1e86b0c2eb4cb572bb486847f921f3028b14bb20ac2ed54727
copilot-fidelity-37092951315	copilot-eval.md	2126	95229a2a53d8640a0b419cc7a8b90685222f8a81136abe60a9b89bba16168c1b
copilot-fidelity-37092951315	edgar-cache/_tcache/data.sec.gov/submissions-CIK0000320193.json-97a42994	28264	432fe55f1e79b75f2f676cf03baf8cda745a3809a744e9b03e819a425e340415
copilot-fidelity-37092951315	edgar-cache/_tcache/data.sec.gov/submissions-CIK0000320193.json-97a42994.meta	119	976cf4c096ec69773131876d0a3074a9648703c7ee187bf66b21b82987e92c28
copilot-fidelity-37092951315	edgar-cache/_tcache/data.sec.gov/submissions-CIK0000789019.json-8bc1f090	20629	569ab755be7dc8c8f33a123da4598f5cd8dec0a08c662355c9a9fe196ed616b0
copilot-fidelity-37092951315	edgar-cache/_tcache/data.sec.gov/submissions-CIK0000789019.json-8bc1f090.meta	119	976cb27f33078da4f011802652f11cd26f57392464c025eb184f8d431569b434
copilot-fidelity-37092951315	edgar-cache/_tcache/data.sec.gov/submissions-CIK0000937966.json-d10aa7e7	20260	34f7a99c82ee9150b7c99f035b122a6670044f4283888dc64afcde3caf234512
copilot-fidelity-37092951315	edgar-cache/_tcache/data.sec.gov/submissions-CIK0000937966.json-d10aa7e7.meta	119	2ea608b6e08118d61eedaecf79adf8b4d18afc14a7db69b96042629cb6d6ffde
copilot-fidelity-37092951315	edgar-cache/_tcache/data.sec.gov/submissions-CIK0001318605.json-a269acdf	27397	fceb3fe9eb393cbfc4f20955e2a31cd4a1725fbb8e77ae73f0c9aeb4545ee5ba
copilot-fidelity-37092951315	edgar-cache/_tcache/data.sec.gov/submissions-CIK0001318605.json-a269acdf.meta	119	c523ba1be0ebe4ea76b180e5fcdaa75154d8e36ffd9989e7a37e7043148d4a23
copilot-fidelity-37092951315	edgar-cache/_tcache/data.sec.gov/submissions-CIK0001577552.json-cc8f4d00	20450	eae474e65607d26ef0a6e46d5de4b4344934940d25cce8674e7dcaf2abbb267f
copilot-fidelity-37092951315	edgar-cache/_tcache/data.sec.gov/submissions-CIK0001577552.json-cc8f4d00.meta	119	cd74f3b7083c11bbab58123edc16e27a27461764e80630f3795052e91b6c6f2e
copilot-fidelity-37092951315	edgar-cache/_tcache/www.sec.gov/Archives-edgar-data-1318605-0001628280-25-003063-index.html-2198ac0c	3309	31eb98bcf32acdda16f781b94abc400e8f56cc191446164e95c429f3d8cebb74
copilot-fidelity-37092951315	edgar-cache/_tcache/www.sec.gov/Archives-edgar-data-1318605-0001628280-25-003063-index.html-2198ac0c.meta	118	b4480fc6fbda238cb6b69c7e2e24644dd747b7db7b6a85e80e3ec03956a04a00
copilot-fidelity-37092951315	edgar-cache/_tcache/www.sec.gov/Archives-edgar-data-1318605-000162828025003063-0001628280-25-003063.txt-27e4416e	2376927	de18f3ceacaf2115d7987b0bc5e12aeab280d66efac3e9d46f40bed79431fe38
copilot-fidelity-37092951315	edgar-cache/_tcache/www.sec.gov/Archives-edgar-data-1318605-000162828025003063-0001628280-25-003063.txt-27e4416e.meta	119	4c91304611f4d5956ce88d164edbac8c1ca35e23b5cd09d35325be8bbba516c8
copilot-fidelity-37092951315	edgar-cache/_tcache/www.sec.gov/Archives-edgar-data-1318605-000162828025003063-tsla-20241231.htm-4dd632b0	195606	d09ce05eb4a3273de7e5e44086442e598193a2a32fbf8bec3b53a2bbd2186637
copilot-fidelity-37092951315	edgar-cache/_tcache/www.sec.gov/Archives-edgar-data-1318605-000162828025003063-tsla-20241231.htm-4dd632b0.meta	118	b6633e2cb22cefd1fdf8cc7c11a3d25fa1ea53f10cd0d68c5fb670a33cb57311
copilot-fidelity-37092951315	edgar-cache/_tcache/www.sec.gov/Archives-edgar-data-1577552-0000950170-25-090161-index.html-d791877d	4026	2a9a4b17ff139efbc5d101db6d75cbd180d054933535e29a5f8f3809be6a05a5
copilot-fidelity-37092951315	edgar-cache/_tcache/www.sec.gov/Archives-edgar-data-1577552-0000950170-25-090161-index.html-d791877d.meta	133	c12d71ab45b16b52781c513a944112d554b263e0a3116069660497bf8455786b
copilot-fidelity-37092951315	edgar-cache/_tcache/www.sec.gov/Archives-edgar-data-1577552-000095017025090161-0000950170-25-090161.txt-55724397	13514944	6919b079d6d8502f453822af00fc0a2beb7cf43d29598ebcb2f1d07bf83e850f
copilot-fidelity-37092951315	edgar-cache/_tcache/www.sec.gov/Archives-edgar-data-1577552-000095017025090161-0000950170-25-090161.txt-55724397.meta	119	78b62aa3b2993c467fd219c16247207949ed6ed67e45ee5949407c70d9eefabd
copilot-fidelity-37092951315	edgar-cache/_tcache/www.sec.gov/Archives-edgar-data-1577552-000095017025090161-baba-20250331.htm-c3e89ca1	392652	cec7c75d95c76171233992beba3920d018e87e43cabdcccd524096c3833cf336
copilot-fidelity-37092951315	edgar-cache/_tcache/www.sec.gov/Archives-edgar-data-1577552-000095017025090161-baba-20250331.htm-c3e89ca1.meta	118	c3e213f89ea099ba9761008872825c33b7de8fe55f815d8b71ce7b3288050493
copilot-fidelity-37092951315	edgar-cache/_tcache/www.sec.gov/Archives-edgar-data-1577552-0001193125-26-231755-index.html-ec9062fd	3834	2ba873cd2cb313b5fa8045b758a680e6bd3d6f5170f5a6ae95754d49a10109ec
copilot-fidelity-37092951315	edgar-cache/_tcache/www.sec.gov/Archives-edgar-data-1577552-0001193125-26-231755-index.html-ec9062fd.meta	118	bcfb5c32cf07ba0f24b58536af2ac4fcb6dee5114a5bb1ded287b54051b7b6c4
copilot-fidelity-37092951315	edgar-cache/_tcache/www.sec.gov/Archives-edgar-data-1577552-000119312526231755-0001193125-26-231755.txt-8f222c4d	7096520	4a19111304818aef0b68d7da6426ad2e68b608b1dd318550c82bfde202018caa
copilot-fidelity-37092951315	edgar-cache/_tcache/www.sec.gov/Archives-edgar-data-1577552-000119312526231755-0001193125-26-231755.txt-8f222c4d.meta	119	02da30c90421867b4bd5a2ed4f062d7486899a6591d0c3cba13825215b180f68
copilot-fidelity-37092951315	edgar-cache/_tcache/www.sec.gov/Archives-edgar-data-1577552-000119312526231755-baba-20260331.htm-9e30c6ae	723282	c430b2619a08e8119f1cc3d8f3d66c7f36916cbb7226c690b3c2aedd115c52eb
copilot-fidelity-37092951315	edgar-cache/_tcache/www.sec.gov/Archives-edgar-data-1577552-000119312526231755-baba-20260331.htm-9e30c6ae.meta	118	00e97da0f52a06b9e0b431e34516386cbcdd4f73aefb971aaf983e7398ffd911
copilot-fidelity-37092951315	edgar-cache/_tcache/www.sec.gov/Archives-edgar-data-320193-0000320193-25-000079-index.html-8f1d6d95	3193	0f9d766be59ba269f831ede304ab07c8cbc2345b5c7c8267efc136565c7573aa
copilot-fidelity-37092951315	edgar-cache/_tcache/www.sec.gov/Archives-edgar-data-320193-0000320193-25-000079-index.html-8f1d6d95.meta	118	5cac6cf500dcf81e0198e436c98f6fd443353a2640b3bcebf8523dd713df1974
copilot-fidelity-37092951315	edgar-cache/_tcache/www.sec.gov/Archives-edgar-data-320193-000032019325000079-0000320193-25-000079.txt-004fa744	1158677	54c65b2f34b7f700ede772228ff4c1fffb8ffd4838ac3d682790f627561d2038
copilot-fidelity-37092951315	edgar-cache/_tcache/www.sec.gov/Archives-edgar-data-320193-000032019325000079-0000320193-25-000079.txt-004fa744.meta	119	941ee38d54edf828d60afc87a5110249acd5979b790a81e7dd205e5cb8a006d8
copilot-fidelity-37092951315	edgar-cache/_tcache/www.sec.gov/Archives-edgar-data-320193-000032019325000079-aapl-20250927.htm-879f7c09	111529	804366f919478da5c3be870a1a6bbfdb251e20acde5d6958d0c7eaf1972c2261
copilot-fidelity-37092951315	edgar-cache/_tcache/www.sec.gov/Archives-edgar-data-320193-000032019325000079-aapl-20250927.htm-879f7c09.meta	118	0542952b66f808de1c9a70c526d8fe52606bd843dc0ce94cbae86b0f551f36d7
copilot-fidelity-37092951315	edgar-cache/_tcache/www.sec.gov/Archives-edgar-data-789019-0000950170-25-100235-index.html-53850cae	3068	010a228214025f1352f56d403579dcd1f88fc85c95d5b985672bd8d1249f05be
copilot-fidelity-37092951315	edgar-cache/_tcache/www.sec.gov/Archives-edgar-data-789019-0000950170-25-100235-index.html-53850cae.meta	118	796cbfc59bf036761f9ffd26b557f270306f19d2f0e53bf8688dd6090f3f6468
copilot-fidelity-37092951315	edgar-cache/_tcache/www.sec.gov/Archives-edgar-data-789019-000095017025100235-0000950170-25-100235.txt-e5146d8b	1930184	b4b4c7d346aca51c15d9b6f02faa7f0cbf3bce254489deffbb079c337c6f8291
copilot-fidelity-37092951315	edgar-cache/_tcache/www.sec.gov/Archives-edgar-data-789019-000095017025100235-0000950170-25-100235.txt-e5146d8b.meta	119	290fabf07cc986a6cb5575394051d1d596ac27fecc4de61d8d5df667ecb3b6ba
copilot-fidelity-37092951315	edgar-cache/_tcache/www.sec.gov/Archives-edgar-data-789019-000095017025100235-msft-20250630.htm-dd1c8f11	346475	adea26979a464875512413d76d066c457da74b8d323c7ebfcb2bd6a613ecb3bd
copilot-fidelity-37092951315	edgar-cache/_tcache/www.sec.gov/Archives-edgar-data-789019-000095017025100235-msft-20250630.htm-dd1c8f11.meta	118	d90faad6b99095b088fa82230b51206ce28fb70b8d7848715d3b6531e5dd6626
copilot-fidelity-37092951315	edgar-cache/_tcache/www.sec.gov/Archives-edgar-data-937966-0001628280-26-011378-index.html-0938e88f	10408	9aa219c1dfe0bbbd973f712952dc6d1c59b2a56ae55f657198a181c7e58fc9be
copilot-fidelity-37092951315	edgar-cache/_tcache/www.sec.gov/Archives-edgar-data-937966-0001628280-26-011378-index.html-0938e88f.meta	118	e68a38bbfb42ae153b3652349122ca581b9d8b4649c8eb00b975077f022b7da0
copilot-fidelity-37092951315	edgar-cache/_tcache/www.sec.gov/Archives-edgar-data-937966-000162828026011378-0001628280-26-011378.txt-3994668b	42664430	ea63f204198a97b120e9d836cb3ee7ecc793a0d4587dcb93f45d87f2186f4a04
copilot-fidelity-37092951315	edgar-cache/_tcache/www.sec.gov/Archives-edgar-data-937966-000162828026011378-0001628280-26-011378.txt-3994668b.meta	119	2723d6e04d70a765355741aacea44d3f800cf751c6e25b23a8187e51bf91d8e1
copilot-fidelity-37092951315	edgar-cache/_tcache/www.sec.gov/Archives-edgar-data-937966-000162828026011378-asml-20251231.htm-51358c9b	1566660	66c6076465b9e3be72dfd654064ab2aba2b2574c3dbe9beaa90fb66d1322e31a
copilot-fidelity-37092951315	edgar-cache/_tcache/www.sec.gov/Archives-edgar-data-937966-000162828026011378-asml-20251231.htm-51358c9b.meta	118	b28d762f636946ff1e6d17ad4ea111ec8d0d00ca5b7a2f616fda775845789449
copilot-fidelity-37092951315	preparation.json	13617	b01651cbb0437739ed6cda8c1ad172b7aeeeebf0e9fdc7841a553f89a357034f
copilot-fidelity-37092951315	preparation.log	241	1693aa1dd261f93f2f8d3b8e1b91766231c9bed8103ebb8da688b95cc8763094
copilot-fidelity-37092951315	prepared-source.db	2064384	67ebd29ff87cf5bc055c3c96532164f50ab80bcdc162423459c2ed6e8d284043
copilot-fidelity-37092951315	runner.log	14412	679b888f640fb3fdf93782923d1929e7128523bc1336b4849c44ccef9ecb10f2
copilot-fidelity-37093200860	0000320193-25-000079/excerpt.txt	126028	dfa1fbf6509bbb5f77f65aa61446b4d1df5d68007d625651a3ba8e8cb8d9864c
copilot-fidelity-37093200860	0000320193-25-000079/filing.html	1520331	6fdaba10369fdd8cf9e2b1439937d058ea421f096c3652dc77afb9afb3458396
copilot-fidelity-37093200860	0000320193-25-000079/sections.json	156405	dbe532bc99dd333c1e305302e35448eabec2f1ea8827db211e9a672479f0e283
copilot-fidelity-37093200860	0000320193-25-000079/xbrl.json	11286	986b546c9f34c581bc1f96ea54d6267cc1755191576dd869da70615678548133
copilot-fidelity-37093200860	0000950170-25-090161/excerpt.txt	317834	be44997693273e8c0853ac9f787471f05cc23300d349b8677ee8841eb0912af3
copilot-fidelity-37093200860	0000950170-25-090161/filing.html	7720468	67c991f2f3254f396c7438474c7d1fc56987467f3f7ba2de00a468bc521c40f8
copilot-fidelity-37093200860	0000950170-25-090161/sections.json	85506	5ce949c0c971f3567b4d68496a6ec87d6f4dbc48bb45a2ab4d6751f2f0d84bea
copilot-fidelity-37093200860	0000950170-25-090161/xbrl.json	7857	4f40c2944c11bc766569f2970d4dc8ab499c8f8ebbdd97d0bbe05caeddf960b0
copilot-fidelity-37093200860	0000950170-25-100235/excerpt.txt	165156	1a68ae4883502ec5d346dffe230cdb3d20ad144aac0191c01219c72391fed666
copilot-fidelity-37093200860	0000950170-25-100235/filing.html	8158190	89ad7e9d9a76aee545ea49e8128db1bff56de2e8f7a23cdf118427a52a0854cd
copilot-fidelity-37093200860	0000950170-25-100235/sections.json	256112	54d37ff58b668f677b8dd8e31bd68efe7e4597a247a1e3d26763f0d6f5d788c1
copilot-fidelity-37093200860	0000950170-25-100235/xbrl.json	10981	71c6815f60fab058b9dcd1ac49b0a2c83e2e6e3f38c136808ad56c9a9b59bc02
copilot-fidelity-37093200860	0001193125-26-231755/excerpt.txt	235128	5387d3a77820f83597bfcaab2d625cb2be687f7cefe5165e3eca915614124d7d
copilot-fidelity-37093200860	0001193125-26-231755/filing.html	11745286	2fea1c61cdc63e014046d7827f6d8103d4da6790aec16d8a22ecca9716ced74a
copilot-fidelity-37093200860	0001193125-26-231755/sections.json	564670	ca524b9bd6dc15bb8b26221f7004ca3bced62dfbd569d3868ae06c09c4617dac
copilot-fidelity-37093200860	0001193125-26-231755/xbrl.json	7863	144a0e30a74475e810882531870264891ab020e5131bd6866cb44d33d268543d
copilot-fidelity-37093200860	0001628280-25-003063/excerpt.txt	165047	c672b174e4fc6440d475b329b40ab89fb3792f75d5797071a4af253b3593a79e
copilot-fidelity-37093200860	0001628280-25-003063/filing.html	2596582	6539ed632e332bb7be2fba80b3007d94e43223ad22db12ff2db8ab2bbfd45e47
copilot-fidelity-37093200860	0001628280-25-003063/sections.json	290266	ad63c0f417bb0d7c8001750c35c29e23b250b464e8a54e0b0e61cc081749822b
copilot-fidelity-37093200860	0001628280-25-003063/xbrl.json	8983	7b4d416be66f0f429f90270bb9903ece2dc5e1feb8bc178aacd0c822c71cc1af
copilot-fidelity-37093200860	0001628280-26-011378/excerpt.txt	262563	3d5c91eb152d94789624c607b0dd0adff8a92ef022ffc9f63bf6648522365a80
copilot-fidelity-37093200860	0001628280-26-011378/filing.html	24864738	19a465854224a550fa5ec56b6847c2ba62a7584b01f0970b2c3d1bcda01e2a63
copilot-fidelity-37093200860	0001628280-26-011378/sections.json	4	74234e98afe7498fb5daf1f36ac2d78acc339464f950703b8c019892f982b90b
copilot-fidelity-37093200860	0001628280-26-011378/xbrl.json	10389	0c9b9ae2f21dc2ecf4b35cde7fa5a492112de0df478a3ad2c0ff6ec9aa374364
copilot-fidelity-37093200860	copilot-eval.json	10054553	e5e058b22a69536727f798eec885d7dcd416ea889a91e7140863ac62e35e9927
copilot-fidelity-37093200860	copilot-eval.md	1972	9886f55c43b9bd692e9388f0416c4c2896515b466da78d213c005787fc4e36c0
copilot-fidelity-37093200860	edgar-cache/_tcache/data.sec.gov/submissions-CIK0000320193.json-97a42994	28264	432fe55f1e79b75f2f676cf03baf8cda745a3809a744e9b03e819a425e340415
copilot-fidelity-37093200860	edgar-cache/_tcache/data.sec.gov/submissions-CIK0000320193.json-97a42994.meta	119	f7ef010d0f93b1cab664d37307b4a6c87ab2eadca83e9b685e69daa526742137
copilot-fidelity-37093200860	edgar-cache/_tcache/data.sec.gov/submissions-CIK0000789019.json-8bc1f090	20629	569ab755be7dc8c8f33a123da4598f5cd8dec0a08c662355c9a9fe196ed616b0
copilot-fidelity-37093200860	edgar-cache/_tcache/data.sec.gov/submissions-CIK0000789019.json-8bc1f090.meta	119	c17d979caab39036fd7182224617efcb2dde40683237c6fbdee6fe6405dfe17f
copilot-fidelity-37093200860	edgar-cache/_tcache/data.sec.gov/submissions-CIK0000937966.json-d10aa7e7	20260	34f7a99c82ee9150b7c99f035b122a6670044f4283888dc64afcde3caf234512
copilot-fidelity-37093200860	edgar-cache/_tcache/data.sec.gov/submissions-CIK0000937966.json-d10aa7e7.meta	119	290865e7420c0f77a6f803e423e1d74666dbef5b7380afa7ae8b10c94b85d7d8
copilot-fidelity-37093200860	edgar-cache/_tcache/data.sec.gov/submissions-CIK0001318605.json-a269acdf	27397	fceb3fe9eb393cbfc4f20955e2a31cd4a1725fbb8e77ae73f0c9aeb4545ee5ba
copilot-fidelity-37093200860	edgar-cache/_tcache/data.sec.gov/submissions-CIK0001318605.json-a269acdf.meta	119	fd887d3091530400ce9810d6ce0f236554c5c23ddbd67fe3e130a9dffdc0ba93
copilot-fidelity-37093200860	edgar-cache/_tcache/data.sec.gov/submissions-CIK0001577552.json-cc8f4d00	20450	eae474e65607d26ef0a6e46d5de4b4344934940d25cce8674e7dcaf2abbb267f
copilot-fidelity-37093200860	edgar-cache/_tcache/data.sec.gov/submissions-CIK0001577552.json-cc8f4d00.meta	119	2dddb9024bac93e6891d9479d601b7edb95285f48b1c7d5c242fe58e282d7730
copilot-fidelity-37093200860	edgar-cache/_tcache/www.sec.gov/Archives-edgar-data-1318605-0001628280-25-003063-index.html-2198ac0c	3309	31eb98bcf32acdda16f781b94abc400e8f56cc191446164e95c429f3d8cebb74
copilot-fidelity-37093200860	edgar-cache/_tcache/www.sec.gov/Archives-edgar-data-1318605-0001628280-25-003063-index.html-2198ac0c.meta	133	cb26124594903d107f2741d3b14b61c7c85436aa279c56e11891474876dd642e
copilot-fidelity-37093200860	edgar-cache/_tcache/www.sec.gov/Archives-edgar-data-1318605-000162828025003063-0001628280-25-003063.txt-27e4416e	2376441	f83e24b7fc224e72e6c0a1ef5f69bcc348df5935dac06184829dc48b3ad93e25
copilot-fidelity-37093200860	edgar-cache/_tcache/www.sec.gov/Archives-edgar-data-1318605-000162828025003063-0001628280-25-003063.txt-27e4416e.meta	119	541fd466662960accee7aa9c0957728269b2811fdf11311b9e58b05c718a9890
copilot-fidelity-37093200860	edgar-cache/_tcache/www.sec.gov/Archives-edgar-data-1318605-000162828025003063-tsla-20241231.htm-4dd632b0	195606	d09ce05eb4a3273de7e5e44086442e598193a2a32fbf8bec3b53a2bbd2186637
copilot-fidelity-37093200860	edgar-cache/_tcache/www.sec.gov/Archives-edgar-data-1318605-000162828025003063-tsla-20241231.htm-4dd632b0.meta	118	175bc5b9fbb3f2b40ffdddc5c71b7c3e0039631ad3102580104545275284808d
copilot-fidelity-37093200860	edgar-cache/_tcache/www.sec.gov/Archives-edgar-data-1577552-0000950170-25-090161-index.html-d791877d	4026	2a9a4b17ff139efbc5d101db6d75cbd180d054933535e29a5f8f3809be6a05a5
copilot-fidelity-37093200860	edgar-cache/_tcache/www.sec.gov/Archives-edgar-data-1577552-0000950170-25-090161-index.html-d791877d.meta	133	98f6ed68cb0a8450e210d58acc8da0b0b284fa6ea936a84c2a6771f0f3995bd5
copilot-fidelity-37093200860	edgar-cache/_tcache/www.sec.gov/Archives-edgar-data-1577552-000095017025090161-0000950170-25-090161.txt-55724397	13516094	3cc42a373ef0a5c45767b33e5d44efadfdb6e11db84fdcc79ffc5950416e1379
copilot-fidelity-37093200860	edgar-cache/_tcache/www.sec.gov/Archives-edgar-data-1577552-000095017025090161-0000950170-25-090161.txt-55724397.meta	119	4d6e2f847884129f3b619078ddae6e21d58953346a7e1721ad5aa3de9e083f0b
copilot-fidelity-37093200860	edgar-cache/_tcache/www.sec.gov/Archives-edgar-data-1577552-000095017025090161-baba-20250331.htm-c3e89ca1	392652	cec7c75d95c76171233992beba3920d018e87e43cabdcccd524096c3833cf336
copilot-fidelity-37093200860	edgar-cache/_tcache/www.sec.gov/Archives-edgar-data-1577552-000095017025090161-baba-20250331.htm-c3e89ca1.meta	118	4a8592c37cc18edf9375c0e1b8c367582742b26a624a27a9ebf94c30f080cd9b
copilot-fidelity-37093200860	edgar-cache/_tcache/www.sec.gov/Archives-edgar-data-1577552-0001193125-26-231755-index.html-ec9062fd	3834	2ba873cd2cb313b5fa8045b758a680e6bd3d6f5170f5a6ae95754d49a10109ec
copilot-fidelity-37093200860	edgar-cache/_tcache/www.sec.gov/Archives-edgar-data-1577552-0001193125-26-231755-index.html-ec9062fd.meta	133	5bf622639a0f384c93c487a4f40d0742c5426890c4561ee68e500cd733500e92
copilot-fidelity-37093200860	edgar-cache/_tcache/www.sec.gov/Archives-edgar-data-1577552-000119312526231755-0001193125-26-231755.txt-8f222c4d	7095870	41ed095b56bdbab00c3f68bccf3116dcf06d23e120b1329d9b363857142ef746
copilot-fidelity-37093200860	edgar-cache/_tcache/www.sec.gov/Archives-edgar-data-1577552-000119312526231755-0001193125-26-231755.txt-8f222c4d.meta	119	50e5f3550902f7803c14da800101c53a278d1d85a16680fda3ff950df6495884
copilot-fidelity-37093200860	edgar-cache/_tcache/www.sec.gov/Archives-edgar-data-1577552-000119312526231755-baba-20260331.htm-9e30c6ae	723282	c430b2619a08e8119f1cc3d8f3d66c7f36916cbb7226c690b3c2aedd115c52eb
copilot-fidelity-37093200860	edgar-cache/_tcache/www.sec.gov/Archives-edgar-data-1577552-000119312526231755-baba-20260331.htm-9e30c6ae.meta	118	55be6a0199c700efb827c8d9e0f3062ea2e2749b4ff321f8686648b9bd0161eb
copilot-fidelity-37093200860	edgar-cache/_tcache/www.sec.gov/Archives-edgar-data-320193-0000320193-25-000079-index.html-8f1d6d95	3193	0f9d766be59ba269f831ede304ab07c8cbc2345b5c7c8267efc136565c7573aa
copilot-fidelity-37093200860	edgar-cache/_tcache/www.sec.gov/Archives-edgar-data-320193-0000320193-25-000079-index.html-8f1d6d95.meta	133	7b6b3a3112b57b5e8ec9323b59bc1625ce2f90483128b20a99dba5289409cfab
copilot-fidelity-37093200860	edgar-cache/_tcache/www.sec.gov/Archives-edgar-data-320193-000032019325000079-0000320193-25-000079.txt-004fa744	1158832	109d4ce48e7903c89b0aec6b4e85677abebff1c78496e019b218bb44d8bfb7ad
copilot-fidelity-37093200860	edgar-cache/_tcache/www.sec.gov/Archives-edgar-data-320193-000032019325000079-0000320193-25-000079.txt-004fa744.meta	119	ee762cd4ec8c4c54f6cd433ac642d13bea723978a868656d78de617b711570db
copilot-fidelity-37093200860	edgar-cache/_tcache/www.sec.gov/Archives-edgar-data-320193-000032019325000079-aapl-20250927.htm-879f7c09	111529	804366f919478da5c3be870a1a6bbfdb251e20acde5d6958d0c7eaf1972c2261
copilot-fidelity-37093200860	edgar-cache/_tcache/www.sec.gov/Archives-edgar-data-320193-000032019325000079-aapl-20250927.htm-879f7c09.meta	118	384d4161f6948c9efe7160bb1a3abb3ee1e85710185a1865b4d737e20d4ea283
copilot-fidelity-37093200860	edgar-cache/_tcache/www.sec.gov/Archives-edgar-data-789019-0000950170-25-100235-index.html-53850cae	3068	010a228214025f1352f56d403579dcd1f88fc85c95d5b985672bd8d1249f05be
copilot-fidelity-37093200860	edgar-cache/_tcache/www.sec.gov/Archives-edgar-data-789019-0000950170-25-100235-index.html-53850cae.meta	133	ce82ae7fb70e69aa234527a8f835139d302de841d1602d702d92b5bb007e19a9
copilot-fidelity-37093200860	edgar-cache/_tcache/www.sec.gov/Archives-edgar-data-789019-000095017025100235-0000950170-25-100235.txt-e5146d8b	1933898	dc472f5b890fe64005b79451c26c78c0594232eaf9e5759f26458c87f4a188ef
copilot-fidelity-37093200860	edgar-cache/_tcache/www.sec.gov/Archives-edgar-data-789019-000095017025100235-0000950170-25-100235.txt-e5146d8b.meta	119	fc7bb7c2bb39d102b18cf2e453f5c6a3ac41ea037b5ef2e031b7011740acfce3
copilot-fidelity-37093200860	edgar-cache/_tcache/www.sec.gov/Archives-edgar-data-789019-000095017025100235-msft-20250630.htm-dd1c8f11	346475	adea26979a464875512413d76d066c457da74b8d323c7ebfcb2bd6a613ecb3bd
copilot-fidelity-37093200860	edgar-cache/_tcache/www.sec.gov/Archives-edgar-data-789019-000095017025100235-msft-20250630.htm-dd1c8f11.meta	118	73e21a7fb52ecf8b8d6d0f1ddd13bb15e98c0cff8bb1f44e6271bb3a07b9abbf
copilot-fidelity-37093200860	edgar-cache/_tcache/www.sec.gov/Archives-edgar-data-937966-0001628280-26-011378-index.html-0938e88f	10408	9aa219c1dfe0bbbd973f712952dc6d1c59b2a56ae55f657198a181c7e58fc9be
copilot-fidelity-37093200860	edgar-cache/_tcache/www.sec.gov/Archives-edgar-data-937966-0001628280-26-011378-index.html-0938e88f.meta	133	274d1ecb518f3f2775893d5d5e9b11d95411fbcd304f10e73fe210771371b0de
copilot-fidelity-37093200860	edgar-cache/_tcache/www.sec.gov/Archives-edgar-data-937966-000162828026011378-0001628280-26-011378.txt-3994668b	42662862	721aa017ecaad638f79c969a544c3ac948e8fe4a4ff488cb1db54727ee682fda
copilot-fidelity-37093200860	edgar-cache/_tcache/www.sec.gov/Archives-edgar-data-937966-000162828026011378-0001628280-26-011378.txt-3994668b.meta	119	1a8fa5470cd8d97dbe6bd00c4bae7539520edd584721736a863a5554a66addbe
copilot-fidelity-37093200860	edgar-cache/_tcache/www.sec.gov/Archives-edgar-data-937966-000162828026011378-asml-20251231.htm-51358c9b	1566660	66c6076465b9e3be72dfd654064ab2aba2b2574c3dbe9beaa90fb66d1322e31a
copilot-fidelity-37093200860	edgar-cache/_tcache/www.sec.gov/Archives-edgar-data-937966-000162828026011378-asml-20251231.htm-51358c9b.meta	118	59b8433bb609e94ea9e4efe3d836262bb59d1b543c05165fa68ae049d9a5254b
copilot-fidelity-37093200860	preparation.json	13617	d436d4ea7c7440f36929e45e40f2b20db09829f67cf06ed1095ba1eadc22c72c
copilot-fidelity-37093200860	preparation.log	241	1693aa1dd261f93f2f8d3b8e1b91766231c9bed8103ebb8da688b95cc8763094
copilot-fidelity-37093200860	prepared-source.db	2064384	18b29f6e131922c68bd656cf16986810ee860f355c585bdcb0e13b8e24cab9aa
copilot-fidelity-37093200860	runner.log	15063	e6b374f04606279a149f4eceb92dbbe55de38da9f2f0c203efb7b3004d137d80
copilot-fidelity-37093395884	0000320193-25-000079/excerpt.txt	126028	dfa1fbf6509bbb5f77f65aa61446b4d1df5d68007d625651a3ba8e8cb8d9864c
copilot-fidelity-37093395884	0000320193-25-000079/filing.html	1520331	6fdaba10369fdd8cf9e2b1439937d058ea421f096c3652dc77afb9afb3458396
copilot-fidelity-37093395884	0000320193-25-000079/sections.json	156405	dbe532bc99dd333c1e305302e35448eabec2f1ea8827db211e9a672479f0e283
copilot-fidelity-37093395884	0000320193-25-000079/xbrl.json	11286	986b546c9f34c581bc1f96ea54d6267cc1755191576dd869da70615678548133
copilot-fidelity-37093395884	0000950170-25-090161/excerpt.txt	317834	be44997693273e8c0853ac9f787471f05cc23300d349b8677ee8841eb0912af3
copilot-fidelity-37093395884	0000950170-25-090161/filing.html	7720468	67c991f2f3254f396c7438474c7d1fc56987467f3f7ba2de00a468bc521c40f8
copilot-fidelity-37093395884	0000950170-25-090161/sections.json	85506	5ce949c0c971f3567b4d68496a6ec87d6f4dbc48bb45a2ab4d6751f2f0d84bea
copilot-fidelity-37093395884	0000950170-25-090161/xbrl.json	7857	4f40c2944c11bc766569f2970d4dc8ab499c8f8ebbdd97d0bbe05caeddf960b0
copilot-fidelity-37093395884	0000950170-25-100235/excerpt.txt	165156	1a68ae4883502ec5d346dffe230cdb3d20ad144aac0191c01219c72391fed666
copilot-fidelity-37093395884	0000950170-25-100235/filing.html	8158190	89ad7e9d9a76aee545ea49e8128db1bff56de2e8f7a23cdf118427a52a0854cd
copilot-fidelity-37093395884	0000950170-25-100235/sections.json	256112	54d37ff58b668f677b8dd8e31bd68efe7e4597a247a1e3d26763f0d6f5d788c1
copilot-fidelity-37093395884	0000950170-25-100235/xbrl.json	10981	71c6815f60fab058b9dcd1ac49b0a2c83e2e6e3f38c136808ad56c9a9b59bc02
copilot-fidelity-37093395884	0001193125-26-231755/excerpt.txt	235128	5387d3a77820f83597bfcaab2d625cb2be687f7cefe5165e3eca915614124d7d
copilot-fidelity-37093395884	0001193125-26-231755/filing.html	11745286	2fea1c61cdc63e014046d7827f6d8103d4da6790aec16d8a22ecca9716ced74a
copilot-fidelity-37093395884	0001193125-26-231755/sections.json	564670	ca524b9bd6dc15bb8b26221f7004ca3bced62dfbd569d3868ae06c09c4617dac
copilot-fidelity-37093395884	0001193125-26-231755/xbrl.json	7863	144a0e30a74475e810882531870264891ab020e5131bd6866cb44d33d268543d
copilot-fidelity-37093395884	0001628280-25-003063/excerpt.txt	165047	c672b174e4fc6440d475b329b40ab89fb3792f75d5797071a4af253b3593a79e
copilot-fidelity-37093395884	0001628280-25-003063/filing.html	2596582	6539ed632e332bb7be2fba80b3007d94e43223ad22db12ff2db8ab2bbfd45e47
copilot-fidelity-37093395884	0001628280-25-003063/sections.json	290266	ad63c0f417bb0d7c8001750c35c29e23b250b464e8a54e0b0e61cc081749822b
copilot-fidelity-37093395884	0001628280-25-003063/xbrl.json	8983	7b4d416be66f0f429f90270bb9903ece2dc5e1feb8bc178aacd0c822c71cc1af
copilot-fidelity-37093395884	0001628280-26-011378/excerpt.txt	262563	3d5c91eb152d94789624c607b0dd0adff8a92ef022ffc9f63bf6648522365a80
copilot-fidelity-37093395884	0001628280-26-011378/filing.html	24864738	19a465854224a550fa5ec56b6847c2ba62a7584b01f0970b2c3d1bcda01e2a63
copilot-fidelity-37093395884	0001628280-26-011378/sections.json	4	74234e98afe7498fb5daf1f36ac2d78acc339464f950703b8c019892f982b90b
copilot-fidelity-37093395884	0001628280-26-011378/xbrl.json	10389	0c9b9ae2f21dc2ecf4b35cde7fa5a492112de0df478a3ad2c0ff6ec9aa374364
copilot-fidelity-37093395884	copilot-eval.json	10060641	f4faeafff7289842ca36bc113782e562634c3eafa7b8e16de49dcecf717d4719
copilot-fidelity-37093395884	copilot-eval.md	1972	9886f55c43b9bd692e9388f0416c4c2896515b466da78d213c005787fc4e36c0
copilot-fidelity-37093395884	edgar-cache/_tcache/data.sec.gov/submissions-CIK0000320193.json-97a42994	28264	432fe55f1e79b75f2f676cf03baf8cda745a3809a744e9b03e819a425e340415
copilot-fidelity-37093395884	edgar-cache/_tcache/data.sec.gov/submissions-CIK0000320193.json-97a42994.meta	119	d9020cdddcba7525e02ca2c6d382bae39362ecb97af7e9cdf343b65948d851e8
copilot-fidelity-37093395884	edgar-cache/_tcache/data.sec.gov/submissions-CIK0000789019.json-8bc1f090	20629	569ab755be7dc8c8f33a123da4598f5cd8dec0a08c662355c9a9fe196ed616b0
copilot-fidelity-37093395884	edgar-cache/_tcache/data.sec.gov/submissions-CIK0000789019.json-8bc1f090.meta	119	31c6ed22688f390aa5c9db5cdcdb28f459b84370a92c3b92dbddf2e9bf75f8ae
copilot-fidelity-37093395884	edgar-cache/_tcache/data.sec.gov/submissions-CIK0000937966.json-d10aa7e7	20260	34f7a99c82ee9150b7c99f035b122a6670044f4283888dc64afcde3caf234512
copilot-fidelity-37093395884	edgar-cache/_tcache/data.sec.gov/submissions-CIK0000937966.json-d10aa7e7.meta	119	d71c1ef2e735496823c7cd8f019dd020186f8103752a6f40228c60e018306c2f
copilot-fidelity-37093395884	edgar-cache/_tcache/data.sec.gov/submissions-CIK0001318605.json-a269acdf	27397	fceb3fe9eb393cbfc4f20955e2a31cd4a1725fbb8e77ae73f0c9aeb4545ee5ba
copilot-fidelity-37093395884	edgar-cache/_tcache/data.sec.gov/submissions-CIK0001318605.json-a269acdf.meta	119	0623756492e1bcb2d1f3f27461922bfc47cbd2b5c147207f2343a944cb49bcc6
copilot-fidelity-37093395884	edgar-cache/_tcache/data.sec.gov/submissions-CIK0001577552.json-cc8f4d00	20450	eae474e65607d26ef0a6e46d5de4b4344934940d25cce8674e7dcaf2abbb267f
copilot-fidelity-37093395884	edgar-cache/_tcache/data.sec.gov/submissions-CIK0001577552.json-cc8f4d00.meta	119	0bd2698c46f6ac65f67b810c5b7ace1825031d1b44953772d347853e69cdacdc
copilot-fidelity-37093395884	edgar-cache/_tcache/www.sec.gov/Archives-edgar-data-1318605-0001628280-25-003063-index.html-2198ac0c	3309	31eb98bcf32acdda16f781b94abc400e8f56cc191446164e95c429f3d8cebb74
copilot-fidelity-37093395884	edgar-cache/_tcache/www.sec.gov/Archives-edgar-data-1318605-0001628280-25-003063-index.html-2198ac0c.meta	118	6683dbb20fdacb342789411716155a498315366bd34437f2ac56c3f737095696
copilot-fidelity-37093395884	edgar-cache/_tcache/www.sec.gov/Archives-edgar-data-1318605-000162828025003063-0001628280-25-003063.txt-27e4416e	2376927	de18f3ceacaf2115d7987b0bc5e12aeab280d66efac3e9d46f40bed79431fe38
copilot-fidelity-37093395884	edgar-cache/_tcache/www.sec.gov/Archives-edgar-data-1318605-000162828025003063-0001628280-25-003063.txt-27e4416e.meta	119	f8f618217d4b6c1c6387564c82e2216be2dae36b6220df55d1bbcf9cc1b828d6
copilot-fidelity-37093395884	edgar-cache/_tcache/www.sec.gov/Archives-edgar-data-1318605-000162828025003063-tsla-20241231.htm-4dd632b0	195606	d09ce05eb4a3273de7e5e44086442e598193a2a32fbf8bec3b53a2bbd2186637
copilot-fidelity-37093395884	edgar-cache/_tcache/www.sec.gov/Archives-edgar-data-1318605-000162828025003063-tsla-20241231.htm-4dd632b0.meta	118	e5cd20b2564babb1aeb797b23ff126aa17352f05a6fdc5ae304b9bc75525547a
copilot-fidelity-37093395884	edgar-cache/_tcache/www.sec.gov/Archives-edgar-data-1577552-0000950170-25-090161-index.html-d791877d	4026	2a9a4b17ff139efbc5d101db6d75cbd180d054933535e29a5f8f3809be6a05a5
copilot-fidelity-37093395884	edgar-cache/_tcache/www.sec.gov/Archives-edgar-data-1577552-0000950170-25-090161-index.html-d791877d.meta	133	cc0f908cd4d060f5a79c8275f1bacfef8682b73be4334972c75929cde1504afa
copilot-fidelity-37093395884	edgar-cache/_tcache/www.sec.gov/Archives-edgar-data-1577552-000095017025090161-0000950170-25-090161.txt-55724397	13514944	6919b079d6d8502f453822af00fc0a2beb7cf43d29598ebcb2f1d07bf83e850f
copilot-fidelity-37093395884	edgar-cache/_tcache/www.sec.gov/Archives-edgar-data-1577552-000095017025090161-0000950170-25-090161.txt-55724397.meta	119	b70e7eb61ac399f9fb8be6d95484cd0367db5b6e85f8577f36d13545b52592bf
copilot-fidelity-37093395884	edgar-cache/_tcache/www.sec.gov/Archives-edgar-data-1577552-000095017025090161-baba-20250331.htm-c3e89ca1	392652	cec7c75d95c76171233992beba3920d018e87e43cabdcccd524096c3833cf336
copilot-fidelity-37093395884	edgar-cache/_tcache/www.sec.gov/Archives-edgar-data-1577552-000095017025090161-baba-20250331.htm-c3e89ca1.meta	118	73a53789f27302834e1f216ef1e9cff2a81e8f7b787f61b01d6122c15bc81a07
copilot-fidelity-37093395884	edgar-cache/_tcache/www.sec.gov/Archives-edgar-data-1577552-0001193125-26-231755-index.html-ec9062fd	3834	2ba873cd2cb313b5fa8045b758a680e6bd3d6f5170f5a6ae95754d49a10109ec
copilot-fidelity-37093395884	edgar-cache/_tcache/www.sec.gov/Archives-edgar-data-1577552-0001193125-26-231755-index.html-ec9062fd.meta	118	95417d721e3916865e1d0d5f84c2bba5ef2a956f4a5835cf48f46e190c384ed7
copilot-fidelity-37093395884	edgar-cache/_tcache/www.sec.gov/Archives-edgar-data-1577552-000119312526231755-0001193125-26-231755.txt-8f222c4d	7096520	4a19111304818aef0b68d7da6426ad2e68b608b1dd318550c82bfde202018caa
copilot-fidelity-37093395884	edgar-cache/_tcache/www.sec.gov/Archives-edgar-data-1577552-000119312526231755-0001193125-26-231755.txt-8f222c4d.meta	119	41083bd44fb4a36132d8347d69f7dd6cb9f3fd29135ed5f76e44e44d49af18c1
copilot-fidelity-37093395884	edgar-cache/_tcache/www.sec.gov/Archives-edgar-data-1577552-000119312526231755-baba-20260331.htm-9e30c6ae	723282	c430b2619a08e8119f1cc3d8f3d66c7f36916cbb7226c690b3c2aedd115c52eb
copilot-fidelity-37093395884	edgar-cache/_tcache/www.sec.gov/Archives-edgar-data-1577552-000119312526231755-baba-20260331.htm-9e30c6ae.meta	118	0f02ff671e4aaf014fcbb39a8e41cbe31ca11a714fc4539e244f50917a1d812b
copilot-fidelity-37093395884	edgar-cache/_tcache/www.sec.gov/Archives-edgar-data-320193-0000320193-25-000079-index.html-8f1d6d95	3193	0f9d766be59ba269f831ede304ab07c8cbc2345b5c7c8267efc136565c7573aa
copilot-fidelity-37093395884	edgar-cache/_tcache/www.sec.gov/Archives-edgar-data-320193-0000320193-25-000079-index.html-8f1d6d95.meta	118	ab20c8bac1ca950a79ba6179abeaa77beed0572ee58500603c86139c487d0039
copilot-fidelity-37093395884	edgar-cache/_tcache/www.sec.gov/Archives-edgar-data-320193-000032019325000079-0000320193-25-000079.txt-004fa744	1158677	54c65b2f34b7f700ede772228ff4c1fffb8ffd4838ac3d682790f627561d2038
copilot-fidelity-37093395884	edgar-cache/_tcache/www.sec.gov/Archives-edgar-data-320193-000032019325000079-0000320193-25-000079.txt-004fa744.meta	119	5062b4cc6c3094bfe5d6d307f75cce79cd756706240d5712c0437be77074603b
copilot-fidelity-37093395884	edgar-cache/_tcache/www.sec.gov/Archives-edgar-data-320193-000032019325000079-aapl-20250927.htm-879f7c09	111529	804366f919478da5c3be870a1a6bbfdb251e20acde5d6958d0c7eaf1972c2261
copilot-fidelity-37093395884	edgar-cache/_tcache/www.sec.gov/Archives-edgar-data-320193-000032019325000079-aapl-20250927.htm-879f7c09.meta	118	fbff10f4e0f6d220043cf3e66b024662dc608ccff87deecdf1ed62422faecb33
copilot-fidelity-37093395884	edgar-cache/_tcache/www.sec.gov/Archives-edgar-data-789019-0000950170-25-100235-index.html-53850cae	3068	010a228214025f1352f56d403579dcd1f88fc85c95d5b985672bd8d1249f05be
copilot-fidelity-37093395884	edgar-cache/_tcache/www.sec.gov/Archives-edgar-data-789019-0000950170-25-100235-index.html-53850cae.meta	118	d51e6152b42d382c980155987c01971734e56109048711f4787aa5653589c398
copilot-fidelity-37093395884	edgar-cache/_tcache/www.sec.gov/Archives-edgar-data-789019-000095017025100235-0000950170-25-100235.txt-e5146d8b	1930184	b4b4c7d346aca51c15d9b6f02faa7f0cbf3bce254489deffbb079c337c6f8291
copilot-fidelity-37093395884	edgar-cache/_tcache/www.sec.gov/Archives-edgar-data-789019-000095017025100235-0000950170-25-100235.txt-e5146d8b.meta	119	a9ca65a83aeaa3563dd88f6992d36e0f039255aa0fa1f1782120ffa88426e90c
copilot-fidelity-37093395884	edgar-cache/_tcache/www.sec.gov/Archives-edgar-data-789019-000095017025100235-msft-20250630.htm-dd1c8f11	346475	adea26979a464875512413d76d066c457da74b8d323c7ebfcb2bd6a613ecb3bd
copilot-fidelity-37093395884	edgar-cache/_tcache/www.sec.gov/Archives-edgar-data-789019-000095017025100235-msft-20250630.htm-dd1c8f11.meta	118	a1f91bd056de1ea36934b887cc72824caed8f1dbfa2ed576bf49d2f38b6c873a
copilot-fidelity-37093395884	edgar-cache/_tcache/www.sec.gov/Archives-edgar-data-937966-0001628280-26-011378-index.html-0938e88f	10408	9aa219c1dfe0bbbd973f712952dc6d1c59b2a56ae55f657198a181c7e58fc9be
copilot-fidelity-37093395884	edgar-cache/_tcache/www.sec.gov/Archives-edgar-data-937966-0001628280-26-011378-index.html-0938e88f.meta	133	04f29c02fe0a9d3ce35bae6b9a4751335879681fbe496f882c086543b0f83fae
copilot-fidelity-37093395884	edgar-cache/_tcache/www.sec.gov/Archives-edgar-data-937966-000162828026011378-0001628280-26-011378.txt-3994668b	42664430	ea63f204198a97b120e9d836cb3ee7ecc793a0d4587dcb93f45d87f2186f4a04
copilot-fidelity-37093395884	edgar-cache/_tcache/www.sec.gov/Archives-edgar-data-937966-000162828026011378-0001628280-26-011378.txt-3994668b.meta	119	54af0f8009b4ff928d06935f667a220a4f2909a7192285859db4e80e3546d3cd
copilot-fidelity-37093395884	edgar-cache/_tcache/www.sec.gov/Archives-edgar-data-937966-000162828026011378-asml-20251231.htm-51358c9b	1566660	66c6076465b9e3be72dfd654064ab2aba2b2574c3dbe9beaa90fb66d1322e31a
copilot-fidelity-37093395884	edgar-cache/_tcache/www.sec.gov/Archives-edgar-data-937966-000162828026011378-asml-20251231.htm-51358c9b.meta	118	ec124b2a8bbec760c622e31984422ae583bc3ceeb9d87ae89c9b68be77314b10
copilot-fidelity-37093395884	preparation.json	13617	c993a98ab551264ed97426ff55a916adff0841eec95b9be6fd0dd894f442e7b0
copilot-fidelity-37093395884	preparation.log	241	1693aa1dd261f93f2f8d3b8e1b91766231c9bed8103ebb8da688b95cc8763094
copilot-fidelity-37093395884	prepared-source.db	2064384	bde7dd0fade0a5ba6a5be4acd581fb286af0d34ccf603284935b0bb421f6a1e6
copilot-fidelity-37093395884	runner.log	15284	3bd2d25de67d4245f11185f600e07121f9df41050e2c4ff0e1a5fc256e172448
